{
  "server": "hub-aps.browserstack.com",
  "user": "girjakahar_4kEVqO",
  "key": "GWisE2vkz9cr2qDDg2nD",

  "capabilities": {
    "build": "browserstack-build-1",
    "name": "single_test",
    "browserstack.debug": "true",
    "os": "Windows",
    "osVersion": "10",
    "browser_version": "latest",
    "browserstack.local": "false",
    "browserstack.networkLogs": "true",
    "browserstack.selenium_version": "3.141.59",
    "browserstack.use_w3c": "true"
    
  },

  "environments": {
    "chrome": {
      "browser": "chrome"
    }
  }
}