{
  "server": "hub-cloud.browserstack.com",
  "user": "girjakahar_4kEVqO",
  "key": "GWisE2vkz9cr2qDDg2nD",

  "capabilities": {
    "build": "browserstack-build-2",
    "name": "single_test",
    "browserstack.debug": "true",
    "os" : "OS X",
    "os_version" : "Monterey",
    "browser_version" : "15.3",
    "browserstack.local" : "false",
    "browserstack.selenium_version" : "3.14.0",
    "browserstack.use_w3c": "true"
      
  },

  "environments": {
    "Safari": {
      "browser": "Safari"
    }
  }
}