<?xml version="1.0" encoding="UTF-8"?>
<!DOCTYPE suite SYSTEM "https://testng.org/testng-1.0.dtd">
<suite name="Suite">
<groups>  
<run>  
<include name="RegressionTest"/>  
</run>  
</groups> 

<listeners>
<listener class-name="Utility.CustomListnere"/>
</listeners>

<test name="DefaultOhayoBedproduct">  
<classes>  
      <class name="addtocartproducts.DefaultOhayoBedproduct"/>
      </classes>  
</test> <!-- Test -->  

<test name="DefaultOriginalMattressProduct">  
<classes>  
      <class name="addtocartproducts.DefaultOriginalMattressProduct"/>
      </classes>  
</test> <!-- Test -->  


</suite> <!-- Suite -->
