<?xml version="1.0" encoding="UTF-8"?>
<!DOCTYPE suite SYSTEM "https://testng.org/testng-1.0.dtd">
<suite name="Suite">
<groups>  
<run>  
<include name="RegressionTest"/>  
</run>  
</groups> 

<listeners>
<listener class-name="Utility.CustomListnere"/>
</listeners>

<test name="testingregression">  
<parameter name="config" value="ChromeTest.conf.json"/>
<parameter name="environment" value="chrome"/>
<classes>  
      <class name="addtocartproducts.BabyMattressChangeMultipleOption"/>
      <class name="addtocartproducts.CloudPillowProductDetailsChanges"/>
      <class name="addtocartproducts.ComforterProductDetailsChanges"/>
      <class name="addtocartproducts.ContourCoolTecMemoryFoamPillowProductDetailsChanges"/>
      <class name="addtocartproducts.ConTourSoftTouchMemoryFoamPillowProductDetailsChanges"/>
      <class name="addtocartproducts.CouplePillowProductDetailsChanges"/>
      <class name="addtocartproducts.CuddlePillowProductDetailsChanges"/>
      <class name="addtocartproducts.DefaultAdjustablePillowProduct"/>
      <class name="addtocartproducts.DefaultBabyBolsterPillowProduct"/>
      <class name="addtocartproducts.DefaultBabyComforterProduct"/>
      <class name="addtocartproducts.DefaultBabyCribSheetProduct"/>
      <class name="addtocartproducts.DefaultBabyHeadPillowProduct"/>
      <class name="addtocartproducts.DefaultBabyMattressProduct"/>
      <class name="addtocartproducts.DefaultCloudPillowProduct"/>
      <class name="addtocartproducts.DefaultComforterProduct"/>
      <class name="addtocartproducts.DefaultContourCoolTecMemoryFoamPillowProduct"/>                   
      <class name="addtocartproducts.DefaultContourSoftTouchMemoryFoamPillowProduct"/>  
      <class name="addtocartproducts.DefaultCouplePillowProduct"/>                                      
      <class name="addtocartproducts.DefaultCuddlePillowProduct"/>
      <class name="addtocartproducts.DefaultHybridPillowProduct"/>
      <class name="addtocartproducts.DefaultKnittedthrowProduct"/>
      <class name="addtocartproducts.DefaultLatexMattressProduct"/>
      <class name="addtocartproducts.DefaultLuxeComforterProduct"/>
      <class name="addtocartproducts.DefaultNapPillowProduct"/> 
      <class name="addtocartproducts.DefaultOhayoBedproduct"/> 
      <class name="addtocartproducts.DefaultOriginalMattressProduct"/> 
      <class name="addtocartproducts.DefaultPetBedProduct"/> 
      <class name="addtocartproducts.DefaultPillowCaseProduct"/> 
      <class name="addtocartproducts.DefaultProtectorProduct"/> 
      <class name="addtocartproducts.DefaultSlimPillowProduct"/>                                 
      <class name="addtocartproducts.DefaultSoftTouchMemoryFoamPillowProduct"/>             
      <class name="addtocartproducts.DefaultUltimalMattressProduct"/>
      <class name="addtocartproducts.DefaultWeightedBlanketProduct"/>
      <class name="addtocartproducts.KnittedThrowProductDetailsChanges"/>                  
      <class name="addtocartproducts.LatexMattressChangeMultipleOption"/> 
      <class name="addtocartproducts.LuxeComforterProductDetailsChanges"/> 
      <class name="addtocartproducts.NapPillowProductDetailsChanges"/>                
      <class name="addtocartproducts.OhayoBedProductDetailsChanges"/>
      <class name="addtocartproducts.OriginalMattressChangeMultipleOption"/> 
      <class name="addtocartproducts.PetBedProductDetailsChanges"/>         
      <class name="addtocartproducts.PillowCaseProductDetailsChanges"/>  
      <class name="addtocartproducts.ProtectorProductDetailsChanges"/> 
      <class name="addtocartproducts.SoftTouchMemoryFoamPillowProductDetailsChanges"/>
      <class name="addtocartproducts.UltimaMattressChangeMultipleOption"/> 
      <class name="addtocartproducts.WeightedBlanketProductDetailsChanges"/>         
      <class name="Order.CartHandling"/>
      <class name="Order.RazorPayPaymentGateway"/>
      <class name="Order.MattressSizeGuideImageTestInCartSlider"/>
      <class name="Order.SnapmintPaymnetgateway"/>
      <class name="login.CorrectLoginTest"/>
      <class name="login.IncorrectLoginTest"/>   
      <class name="login.ForgetPasswordFlow"/>
      <class name="addtocartproducts.DefaultOriginalMattressProduct"/>
      <class name="crosssellingproduct.BabyBolsterPillowCrossSelling"/>
      <class name="crosssellingproduct.BabyComforterCrossSelling"/>
      <class name="crosssellingproduct.BabyCribSheetCrossSelling"/>
      <class name="crosssellingproduct.BabyHeadPillowCrossSelling"/>
      <class name="crosssellingproduct.BabyMattressCrossSelling"/>
      <class name="crosssellingproduct.CloudPillowCrossSelling"/>
      <class name="crosssellingproduct.ComforterCrossSelling"/>
      <class name="crosssellingproduct.CuddlePillowCrossSelling"/>
      <class name="crosssellingproduct.DefaultOhayoBedCrossSelling"/>
      <class name="crosssellingproduct.LatexMattressCrossSelling"/>
      <class name="crosssellingproduct.OhayoBedCrossSellingChangeMultipleOption"/>
      <class name="crosssellingproduct.OriginalMattressCrossSelling"/>
      <class name="crosssellingproduct.PetBedCrossSelling"/>
      <class name="crosssellingproduct.PillowCasesCrossSelling"/>
      <class name="crosssellingproduct.ProtectorCrossSelling"/>
      <class name="crosssellingproduct.SoftTouchMemoryFoamPillowCrossSelling"/>
      <class name="crosssellingproduct.UltimaMattressCrossSelling"/> 
      <class name="crosssellingproduct.WeightedBlanketCrossSelling"/>         
      <class name="customcategorymattress.BabyMattressCustomProductDetailsChanges"/>
      <class name="customcategorymattress.LatexMattressCustomCategory"/>
      <class name="customcategorymattress.OriginalMattressCustomCategory"/>
      <class name="customcategorymattress.UltimaMattressCustomCategory"/>
      <class name="addtocartbundleproductsincart.EverydayBundleAddToCart"/>
      <class name="addtocartbundleproductsincart.BabyStarterPackBundleAddToCart"/>
      <class name="addtocartbundleproductsincart.BachelorBundleAddToCart"/>
      <class name="addtocartbundleproductsincart.DefaultBabyStarterPackBundleAddToCart"/>
      <class name="addtocartbundleproductsincart.DefaultEverydayBundleAddToCart"/>
      <class name="homepage.EmptycartTest"/>
      <class name="homepage.HeaderLinksTest"/>
      <class name="homepage.FooterLinksTest"/>
      <class name="homepage.ReviewModalTesting"/>
      <class name="homepage.TrackOrderCorrectOrderNumberTesting"/>
      <class name="homepage.TrackOrderIncorrectOrderNumberTesting"/>
      <class name="homepage.BrowseOurDreamySleepRangeSection"/>
      <class name="productdetailpage.CheckDeliveryTimelineOnProductDetailPage"/>
      <class name="pillowrecommender.DefaultCloudPillowSuggestion"/>
      <class name="pillowrecommender.DefaultCoolTecMemoryFoamPillowSuggestion"/>
      <class name="pillowrecommender.DefaultHybridPillowSuggestion"/>
      <class name="pillowrecommender.DefaultSoftTouchMemoryFoamPillowSuggestion"/>
      <class name="mattressrecommender.LatexMattressSuggestion"/>
      <class name="mattressrecommender.OriginalMattressSuggestion"/>
      <class name="mattressrecommender.UltimaMattressSuggestion"/>
      <class name="mattressrecommender.LatexMattressChangeMultipleOptionSuggestion"/>
      <class name="mattressrecommender.OriginalMattressChangeMultipleOptionSuggestion"/>
      <class name="mattressrecommender.UltimaMattressChangeMultipleOptionSuggestion"/>
      <class name="pillowrecommender.DefaultCloudPillowChangeMultipleOptionSuggestion"/>
      <class name="pillowrecommender.DefaultCoolTecMemoryFoamPillowChangeMultipleOptionSuggestion"/>
      <class name="pillowrecommender.DefaultHybridPillowChangeMultipleOptionSuggestion"/>
      <class name="pillowrecommender.DefaultSoftTouchMemoryFoamPillowChangeMultipleOptionSuggestion"/>
      </classes>  
</test> <!-- Test --> 
</suite> <!-- Suite -->
