<?xml version="1.0" encoding="UTF-8"?>
<!DOCTYPE suite SYSTEM "https://testng.org/testng-1.0.dtd">
<suite name="Suite">
<groups>  
<run>  
<include name="SanityTest"/>  
</run>  
</groups> 

<listeners>
<listener class-name="Utility.CustomListnere"/>
</listeners>

<test name="chromesanity">  
<parameter name="config" value="ChromeTest.conf.json"/>
<parameter name="environment" value="chrome"/>
<classes>  
      <class name="addtocartproducts.DefaultCloudPillowProduct"/>
      <class name="addtocartproducts.DefaultUltimalMattressProduct"/>
      <class name="addtocartproducts.DefaultOriginalMattressProduct"/>
      <class name="Order.CartHandling"/>
      <class name="Order.RazorPayPaymentGateway"/>
      <class name="login.CorrectLoginTest"/>
      <class name="login.ForgetPasswordFlow"/>
      <class name="addtocartproducts.DefaultLatexMattressProduct"/>
      <class name="addtocartproducts.SoftTouchMemoryFoamPillowProductDetailsChanges"/>
      <class name="addtocartproducts.PetBedProductDetailsChanges"/>
      <class name="addtocartproducts.DefaultWeightedBlanketProduct"/>
      <class name="addtocartproducts.DefaultOhayoBedproduct"/>
      <class name="addtocartproducts.PillowCaseProductDetailsChanges"/>
      <class name="Order.SnapmintPaymnetgateway"/>
      
      </classes>  
</test> <!-- Test --> 
</suite> <!-- Suite -->

